City_ID,City,Country,Max Temp,Current Description,Lat,Lng,Hotel Name
2,Paracatu,BR,77.4,broken clouds,-17.2222,-46.8747,Hotel Paracatu Plaza
3,Jamestown,US,82.02,clear sky,42.097,-79.2353,Hampton Inn & Suites Jamestown
5,Souillac,MU,70.18,light rain,-20.5167,57.5167,Shanti Maurice Resort & Spa
9,Bathsheba,BB,81.21,broken clouds,13.2167,-59.5167,Atlantis Hotel
10,Kavaratti,IN,80.62,overcast clouds,10.5669,72.642,Green leaf
14,Port Blair,IN,81.12,overcast clouds,11.6667,92.75,"Welcomhotel By ITC Hotels, Bay Island, Port Blair"
15,Atuona,PF,77.65,scattered clouds,-9.8,-139.0333,Villa Enata
23,Bambanglipuro,ID,76.5,scattered clouds,-7.95,110.2833,Puri Brata
24,Chau Doc,VN,75.74,overcast clouds,10.7,105.1167,JADE AND SAPPHIRE GUESTHOUSE
25,Rikitea,PF,73.04,light rain,-23.1203,-134.9692,People ThankYou
26,Isangel,VU,77.59,scattered clouds,-19.55,169.2667,Tanna Lodge
27,Vaini,TO,76.55,clear sky,-21.2,-175.2,Keleti Beach Resort
28,Sioux Lookout,CA,76.19,scattered clouds,50.1001,-91.917,Knobby's Fly-In Camps
29,Nishihara,JP,85.68,few clouds,26.1842,127.7558,Minshuku Agaihama
30,Diu,IN,79.59,overcast clouds,20.7141,70.9822,Hotel Relax Inn
31,Tortoli,IT,76.87,clear sky,39.9256,9.6572,Hotel La Bitta
33,Avarua,CK,77.05,broken clouds,-21.2078,-159.775,Paradise Inn
35,Georgetown,MY,81.9,few clouds,5.4112,100.3354,Cititel Penang
38,Bethel,US,87.78,scattered clouds,41.3712,-73.414,Courtyard by Marriott Danbury
39,Mahebourg,MU,70.09,scattered clouds,-20.4081,57.7,Shandrani Beachcomber Resort & Spa
42,Tongren,CN,82.04,broken clouds,27.7172,109.1853,Fanjing Mountain International Conference Center
47,Bambous Virieux,MU,70.05,light rain,-20.3428,57.7575,Casa Tia Villa
51,Arraial Do Cabo,BR,70.86,overcast clouds,-22.9661,-42.0278,Pousada Porto Praia
52,Caravelas,BR,73.26,clear sky,-17.7125,-39.2481,Pousada dos Navegantes
54,Vila Velha,BR,75.15,few clouds,-20.3297,-40.2925,Hotel Vit√≥ria Palace
57,Atlantic City,US,85.17,clear sky,39.3643,-74.4229,Courtyard by Marriott Atlantic City Beach Block
62,Pitimbu,BR,73.99,scattered clouds,-7.4706,-34.8086,Reserva do Abia√≠
64,Puerto Escondido,MX,86.83,broken clouds,15.85,-97.0667,Aldea del Bazar Hotel and Spa
65,Kapaa,US,84.18,scattered clouds,22.0752,-159.319,Sheraton Kauai Coconut Beach Resort Hotel
70,Flin Flon,CA,72.81,scattered clouds,54.7682,-101.865,Victoria Inn Flin Flon
71,Aksu,CN,73.89,clear sky,41.1231,80.2644,Pudong Holiday Hotel
72,Padang,ID,73.45,scattered clouds,-0.9492,100.3543,Mercure Padang
74,Farmington,US,88.48,broken clouds,36.7281,-108.2187,Courtyard by Marriott Farmington
75,Pennathur,IN,77.86,overcast clouds,12.25,79.2333,ùó†ùó≤ùóøùóøùòÜ ùó∫ùóÆùòÅùóµùóÆ ùó∏ùóºùòÉùó∂ùóπ ùòÄùòÅùóøùó≤ùó≤ùòÅ
85,Champerico,GT,82.33,overcast clouds,14.3,-91.9167,"Hotel y restaurante ""El Diamante"""
87,Lompoc,US,82.69,clear sky,34.6391,-120.4579,"Holiday Inn Express Lompoc, an IHG Hotel"
88,Bud,US,87.75,few clouds,39.447,-86.1758,Ted McQuinn Trust
90,Fare,PF,76.55,broken clouds,-16.7,-151.0167,Maitai Lapita Village Huahine
94,Ca Mau,VN,77.43,overcast clouds,9.1769,105.15,M∆∞·ªùng Thanh Luxury C√† Mau Hotel
98,Sabana De Torres,CO,81.21,scattered clouds,7.3915,-73.4957,Hotel el Milagro
103,Mahibadhoo,MV,81.27,light rain,3.7833,72.9667,Omadhoo Inn
104,Kanniyakumari,IN,78.76,overcast clouds,8.0833,77.5667,Sparsa Kanyakumari
106,Victoria,HK,82.45,light rain,22.2855,114.1577,Mini Central
112,Abu Kamal,SY,86.22,clear sky,34.4506,40.9171,ÿßŸÑÿ®ŸàŸÉŸÖÿßŸÑ
113,Villareal,PH,79.92,overcast clouds,11.5659,124.9281,ros
116,Jieshou,CN,85.19,light rain,33.2634,115.3611,Vatica Jieshou City New Passenger Transport Center Hotel
119,Jiazi,CN,81.57,overcast clouds,22.8779,116.067,Hotel Jin Hao
120,Son La,VN,70.75,overcast clouds,21.3167,103.9,Galaxy Grand Hotel
123,Sao Filipe,CV,78.89,overcast clouds,14.8961,-24.4956,Hotel Xaguate
124,Matay,EG,83.64,clear sky,28.419,30.7792,Nag Aespen
125,Capitao Poco,BR,73.72,broken clouds,-1.7464,-47.0594,Hotel New Tokyo
127,Along,IN,77.36,moderate rain,28.1667,94.7667,Hotel West
128,Japura,ID,76.24,broken clouds,-0.3167,102.35,Rumah mbah Jamah
130,Katsuura,JP,84.09,overcast clouds,35.1333,140.3,Katsuura Hotel Mikazuki
131,Palmer,US,83.91,broken clouds,42.1584,-72.3287,Wedgewood Motel
134,Namatanai,PG,83.89,scattered clouds,-3.6667,152.4333,Seagulls Inn Namatani
137,Requena,ES,71.8,clear sky,39.4883,-1.1004,Hotel Avenida
139,Luganville,VU,83.52,clear sky,-15.5333,167.1667,The Espiritu Hotel
141,Cabo San Lucas,MX,89.62,scattered clouds,22.8909,-109.9124,Hotel Tesoro Los Cabos
145,Alofi,NU,76.57,clear sky,-19.0595,-169.9187,Taloa Heights
151,Pacific Grove,US,85.55,clear sky,36.6177,-121.9166,Lovers Point Inn
152,Catalao,BR,70.61,overcast clouds,-18.1658,-47.9464,Mara Turismo Hotel
153,Ofaqim,IL,76.51,clear sky,31.3141,34.6203,The Negev Experience
155,Faanui,PF,76.86,broken clouds,-16.4833,-151.75,Bora-Bora Pearl Beach Resort & Spa
157,Hasaki,JP,88.29,overcast clouds,35.7333,140.8333,Inubosaki Kanko Hotel
159,Touros,BR,75.06,clear sky,-5.1989,-35.4608,INN NEW HORIZON
160,Bengkulu,ID,75.34,scattered clouds,-3.8004,102.2655,Grage Hotel Bengkulu
161,Fort Nelson,CA,72.18,few clouds,58.8053,-122.7002,The Fort Nelson Hotel
164,Bridgetown,BB,81.09,broken clouds,13.1,-59.6167,Hilton Barbados Resort
167,Gouyave,GD,80.74,broken clouds,12.1646,-61.7296,Rumboat Retreat
170,Moa,CU,81.36,scattered clouds,20.6569,-74.9403,Carmen
173,Fortuna,US,75.92,clear sky,40.5982,-124.1573,Super 8 by Wyndham Fortuna
175,Santa Rosa,PH,83.1,overcast clouds,14.3122,121.1114,Erlyn‚Äôs Sta Rosa City Home
177,Tarsus,TR,80.98,clear sky,36.9188,34.8784,Osmanli Marco Pasha Hotel
179,Butaritari,KI,81.16,broken clouds,3.0707,172.7902,Isles Sunset Lodge
185,Arlit,NE,89.35,overcast clouds,18.7369,7.3853,Case de Passage De la Prefecture
187,Aras,ES,72.01,light rain,42.5617,-2.356,Jardines de Viana Spa
189,Galesong,ID,75.22,overcast clouds,-5.3166,119.3661,Sapriadi Appy
190,Charleston,US,82.56,clear sky,32.7766,-79.9309,The Mills House Wyndham Grand Hotel
191,Kalmunai,LK,77.76,overcast clouds,7.4167,81.8167,VS Villa
196,Mareeba,AU,71.44,overcast clouds,-17.0,145.4333,Trinity Plains Tourist Park
198,Guerrero Negro,MX,81.93,few clouds,27.9769,-114.0611,"Casa Laguna, Bed & Breakfast"
201,Mozarlandia,BR,83.23,clear sky,-14.7447,-50.5706,Hotel Santa M√¥nica
205,Kloulklubed,PW,82.71,overcast clouds,7.0419,134.2556,Storyboard Beach Resort
206,Hilo,US,89.28,broken clouds,19.7297,-155.09,Hilo Hawaiian Hotel
207,Bonthe,SL,76.37,overcast clouds,7.5264,-12.505,Bonthe Holiday Village
208,Gat,IL,77.68,clear sky,31.61,34.7642,OlusHome
209,Mardin,TR,74.66,clear sky,37.3131,40.7436,Reyhani Kasri Hotel
215,Shima,CN,82.33,scattered clouds,24.4478,117.8111,ÈæôÊµ∑ÈíªÁü≥Â§ßÈÖíÂ∫ó
216,Lorengau,PG,82.87,broken clouds,-2.0226,147.2712,Lorengau Harbourside Hotel
217,Cockburn Town,TC,82.36,scattered clouds,21.4612,-71.1419,Osprey Beach Hotel
219,Hobyo,SO,75.67,scattered clouds,5.3505,48.5268,Halane Hotel and Restaurent
221,Hami,CN,86.09,clear sky,42.8,93.45,Laoyutang Resort
222,Naifaru,MV,80.85,overcast clouds,5.4444,73.3657,Naifaru Residence Guest House
223,Dingle,PH,79.95,overcast clouds,10.9995,122.6711,SEGAYA PROPERTY
230,Xapuri,BR,76.98,overcast clouds,-10.6517,-68.5044,Pousada dos Chapurys
233,Andros,GR,79.36,clear sky,37.8333,24.9333,Micra Anglia Hotel - Andros
241,Ribeira Grande,PT,74.37,few clouds,38.5167,-28.7,Quinta da Meia Eira
242,Frolovo,RU,70.97,clear sky,49.7713,43.6622,Gostinitsa Frolovo
245,Hithadhoo,MV,81.36,overcast clouds,-0.6,73.0833,Scoop Guest House
249,Sankheda,IN,77.88,overcast clouds,22.1667,73.5833,Jalaram Bhojnalay
251,Cabedelo,BR,74.07,clear sky,-6.9811,-34.8339,Pousada Camboinha
257,Ayakudi,IN,74.82,overcast clouds,10.45,77.55,Palani Temple Accommodation
259,Ixtapa,MX,87.22,scattered clouds,20.7,-105.2,hotel la terminal
261,Vilhena,BR,70.52,overcast clouds,-12.7406,-60.1458,Hotel Mirage
263,Dauphin,CA,81.82,clear sky,51.1494,-100.0502,Canway Inn & Suites
264,Kefar Shemaryahu,IL,78.78,clear sky,32.1856,34.8219,Dan Accadia Herzliya Hotel
267,Kahului,US,89.62,few clouds,20.8947,-156.47,Maui Seaside Hotel
269,Pedernales,DO,85.23,overcast clouds,18.0384,-71.744,Hotel Costa Marina
271,Smithers,CA,75.81,clear sky,54.7804,-127.1743,"Prestige Hudson Bay Lodge, Premier Collection"
272,Ponta Do Sol,PT,72.01,clear sky,32.6667,-17.1,Hotel do Campo
273,Mayo,US,87.91,broken clouds,38.8876,-76.5119,Resorts Resource Group International
274,Norman Wells,CA,71.64,few clouds,65.282,-126.8329,Heritage Hotel
275,Mitsamiouli,KM,74.64,few clouds,-11.3847,43.2844,Foyer ADM
276,Russellville,US,82.54,clear sky,35.2784,-93.1338,Hampton Inn Russellville
277,Salinopolis,BR,79.72,scattered clouds,-0.6136,-47.3561,Salinas Park Resort Ma√ßarico AP101
278,Martapura,ID,77.09,scattered clouds,-3.4167,114.85,Montana Hotel Syariah
286,Semporna,MY,79.77,heavy intensity rain,4.4818,118.6112,"Han Palace Hotel, Semporna, Sabah."
287,Gewane,ET,81.07,overcast clouds,10.1664,40.6453,·ä•·äï·ã∞·åà·äì ·åà·ãã·äî ·àû·â¥·àç
288,Tugdan,PH,81.3,overcast clouds,12.3134,122.0853,Monte Carlo Restaurant & Airport Pension House
290,Zhuhai,CN,82.85,scattered clouds,22.2769,113.5678,Áè†Êµ∑Á≤§Ë¥¢ÂÅáÊó•ÈÖíÂ∫ó
291,Vila Franca Do Campo,PT,72.01,light rain,37.7167,-25.4333,Pestana Bahia Praia
296,Umm Lajj,SA,87.44,scattered clouds,25.0213,37.2685,Moon light Furnished Units
297,Dongkan,CN,83.23,overcast clouds,33.9997,119.8308,Triumphal Resort
301,Puerto Colombia,CO,84.29,scattered clouds,10.9878,-74.9547,Hotel El Emigrante
302,Russell,US,85.37,scattered clouds,32.3502,-85.1999,Macs
308,Praia Da Vitoria,PT,73.65,few clouds,38.7333,-27.0667,Hotel Branco I
311,Kitakata,JP,83.62,overcast clouds,37.65,139.8667,„ÅÑ„Çç„ÇäÂè§Ê∞ëÂÆ∂„ÅÆÂÆø Âøó„Åê„Çå‰∫≠
313,Cayenne,GF,82.09,clear sky,4.9333,-52.3333,H√¥tel Le Dronmi
316,Kutum,SD,74.5,overcast clouds,14.2,24.6667,Dibbo areaŸÖŸÜÿ∑ŸÇÿ© ÿØÿ®Ÿà
317,Adeje,ES,84.11,clear sky,28.1227,-16.726,Gran Tacande Wellness & Relax
319,Nagato,JP,84.04,overcast clouds,34.3833,131.2,„ÅÑ„Åù„ÅÜÂ∫µ
325,Manggar,ID,81.14,broken clouds,-2.8833,108.2667,Guest Hotel
328,Douglas,US,81.86,clear sky,41.3,-96.167,Hilton Garden Inn Omaha West
331,Tura,IN,74.55,clear sky,25.5198,90.2201,Hotel RIKMAN Continental
333,Sanming,CN,81.52,clear sky,26.2486,117.6186,Sanming Huangting Lijing Hotel
334,Puerto Carreno,CO,78.98,overcast clouds,6.189,-67.4859,Casa Hotel Victoria
337,Sabzevar,IR,79.88,clear sky,36.2126,57.6819,Ÿæÿ≤ÿ¥⁄©€å ŸÇÿßŸÜŸàŸÜ€å ÿ≥ÿ®ÿ≤Ÿàÿßÿ±
340,Ponta Delgada,PT,72.32,broken clouds,37.7333,-25.6667,Vila Nova Hotel
343,Yalta,UA,78.76,clear sky,44.5,34.1667,Yalta Inturist
344,Bocana De Paiwas,NI,71.82,overcast clouds,12.7857,-85.1227,Guapinol Caba√±a Monge
345,Meulaboh,ID,75.0,overcast clouds,4.1363,96.1285,Kost Pria
348,Wenling,CN,85.01,scattered clouds,28.3669,121.36,Hanting Express Wenling Wanchang North Road
350,Maragogi,BR,74.08,few clouds,-9.0122,-35.2225,Salinas do Maragogi All Inclusive Resort
351,Guilin,CN,80.71,clear sky,25.2819,110.2864,Grand 0773 Hotel
353,Weligama,LK,75.99,overcast clouds,5.9667,80.4167,Weligama Bay Resort
354,Kaohsiung,TW,86.04,broken clouds,22.6163,120.3133,Âæ°ÂÆøÂïÜÊóÖ-‰∏≠Â±±È§®
355,Tahta,EG,87.51,clear sky,26.7693,31.5021,ŸÅŸÜÿØŸÇ ÿßŸÑÿ≤Ÿäÿßÿ™
356,Fereydun Kenar,IR,79.72,light rain,36.6864,52.5225,Khezer Shahr Tourist Hotel
359,Maha Sarakham,TH,79.92,overcast clouds,16.3333,103.6667,‡∏ö‡∏∏‡∏ç‡∏ó‡∏±‡∏ô‚Äã‡∏ö‡∏≤‡πÄ‡∏ö‡∏≠‡∏£‡πå
360,Suicheng,CN,86.4,overcast clouds,33.8963,117.9331,Junyue Hotel
361,Kavieng,PG,83.52,broken clouds,-2.5744,150.7967,Nusa Island Retreat
363,Santa Flavia,IT,82.38,clear sky,38.085,13.5351,La Caletta
364,Marsa Matruh,EG,77.58,clear sky,31.3525,27.2453,Beau Site
365,San Cristobal,VE,77.18,few clouds,7.7669,-72.225,Pirineos
369,Monticello,US,77.49,clear sky,45.3055,-93.7941,Super 8 by Wyndham Monticello
370,Nicoya,CR,74.89,overcast clouds,10.1483,-85.452,Las Cabinas Del Sue√±o
372,Westport,US,85.55,clear sky,41.1415,-73.3579,The Westport Inn
373,Yatou,CN,74.75,moderate rain,37.15,122.3833,GreenTree Hotel Rongcheng Bus Station
375,Salalah,OM,75.29,heavy intensity drizzle,17.0151,54.0924,"HAMDAN PLAZA HOTEL SALALAH, an HTG Hotel"
378,Oranjestad,AW,82.35,few clouds,12.524,-70.027,Divi Village Golf & Beach Resort
379,Kolokani,ML,70.7,heavy intensity rain,13.5728,-8.0339,Lycee Famolo Coulibalibali De Kolokani
380,Ibra,OM,87.58,overcast clouds,22.6906,58.5334,ŸÖÿ≤ÿ±ÿπÿ© ÿ±ÿßÿ≠ÿ© ÿßŸÑŸÜŸÅŸàÿ≥ ÿßŸÑŸÖŸÜÿ≤ŸÅÿ©
382,West Plains,US,79.63,clear sky,36.7281,-91.8524,West Plains Motel
383,Sabang,ID,82.02,overcast clouds,5.8933,95.3214,Hotel Citra
384,Mumford,GH,73.26,overcast clouds,5.2618,-0.759,Spanish Villa
391,Tigil,RU,74.17,scattered clouds,57.8,158.6667,Tigil'
392,Eyl,SO,76.62,overcast clouds,7.9803,49.8164,Amiin Hotel
393,Singaraja,ID,78.85,few clouds,-8.112,115.0882,Puri Bagus Lovina Resort
394,Harrison,US,82.42,clear sky,30.4091,-89.0436,Residence Inn by Marriott Gulfport-Biloxi Airport
395,Lodwar,KE,80.71,overcast clouds,3.1191,35.5973,Solmar Gracious Hotel
397,Los Llanos De Aridane,ES,73.13,broken clouds,28.6585,-17.9182,Valle Aridane
398,Vynohradove,UA,73.62,clear sky,46.3696,32.9398,–î–æ–º
401,Santa Ines,BR,76.91,few clouds,-3.6667,-45.38,Palace hotel
406,Corrente,BR,75.51,few clouds,-3.7367,-43.3394,Chapadinhense Hotel
408,Poronaysk,RU,72.0,clear sky,49.2167,143.1167,Avtovokzal Khostel Stolovaya
409,Starkville,US,89.26,overcast clouds,33.4504,-88.8184,Hilton Garden Inn Starkville
411,Ushtobe,KZ,72.37,broken clouds,45.2514,77.9838,"Gostinitsa ""Diyar"""
413,Half Moon Bay,US,83.05,clear sky,37.4636,-122.4286,"The Ritz-Carlton, Half Moon Bay"
417,Bang Saphan,TH,74.93,overcast clouds,11.2126,99.5117,Ladawan Boutique Hotel
419,Wadi Maliz,TN,80.26,clear sky,36.4681,8.5495,Heremony
420,Pokhara,NP,72.63,overcast clouds,28.2333,83.9833,OYO 170 Hotel View Point
426,Sumenep,ID,79.74,broken clouds,-7.0167,113.8667,OYO 3271 Homestay Pandian
428,Kapoeta,SS,73.92,light rain,4.7717,33.5903,Eastgate Hotel
431,Sibu,MY,77.31,few clouds,2.3,111.8167,RH HOTEL (4 Star)
432,Mamallapuram,IN,84.25,overcast clouds,12.6264,80.1722,Radisson Blu Resort Temple Bay Mamallapuram
433,Kalawit,PH,78.1,overcast clouds,8.0667,122.5167,Ompoy Pension House
434,Belmonte,BR,71.22,broken clouds,-15.8631,-38.8828,Pousada Monte Carmelo O P√£o
438,Ciudad Bolivar,VE,84.09,overcast clouds,8.1222,-63.5497,Hotel Edi
439,Paracuru,BR,80.11,clear sky,-3.41,-39.0306,Hotel Vento Brasil
444,Lakatoro,VU,82.63,clear sky,-16.0999,167.4164,Lakatoro Palm Lodge
448,Itamaraca,BR,77.05,broken clouds,-7.7478,-34.8256,Special K's Bed & Breakfast
451,Locri,IT,80.31,clear sky,38.2414,16.2623,Grand Hotel President
452,Sassandra,CI,73.47,broken clouds,4.95,-6.0833,la terrasse
455,Tecolutla,MX,85.86,scattered clouds,20.4833,-97.0167,Hotel Plaza Marsol
458,Ipixuna,BR,76.12,broken clouds,-1.7625,-48.8043,Chal√© do Mato
459,Partenit,UA,79.09,clear sky,44.578,34.3446,–ü—Ä–∏–≤–∞—Ç–æ—Ç–µ–ª—å
460,Sao Geraldo Do Araguaia,BR,80.67,scattered clouds,-6.4006,-48.555,Hotel Por do Sol
462,Fukue,JP,84.56,broken clouds,32.6881,128.8419,Goto Guesthouse Utojuku & SA Car Rental
463,Kupang,ID,80.58,few clouds,-10.1667,123.5833,Hotel On The Rock by Prasanthi
465,Banjar,ID,77.88,few clouds,-8.19,114.9675,The Hamsa Resort
467,Garowe,SO,72.86,broken clouds,8.4054,48.4845,Curubo Hotel
468,Ingham,US,76.95,overcast clouds,42.6,-84.3833,Sunset Mobile Home Park
476,Najran,SA,84.85,broken clouds,17.4924,44.1277,ŸÖÿ≠ŸÖÿØ ŸáÿßÿØŸä ÿßŸÑ ŸÅÿ∑Ÿäÿ≠
477,Ivanivka,UA,74.01,clear sky,46.7208,34.553,–°–ø–æ—Ä—Ç –õ–æ—Ç–æ
479,Tautira,PF,74.95,few clouds,-17.7333,-149.15,Pension Oaoa
481,Anito,PH,82.13,overcast clouds,12.4497,125.2886,El Felix Cottages
483,Portel,BR,78.22,broken clouds,-1.9356,-50.8211,Kitnet do Marcos
490,Shingu,JP,87.12,overcast clouds,33.7333,135.9833,Shingu UI Hotel
492,Linguere,SN,85.01,scattered clouds,15.3953,-15.1193,AYO Casablanca
496,Maningrida,AU,79.18,clear sky,-12.0667,134.2667,Dhukurrdji Lodge
497,Sao Joao Da Barra,BR,70.75,overcast clouds,-21.6403,-41.0511,Pousada Porto De Canoas
498,Sola,VU,80.76,clear sky,-13.8833,167.55,Leumerus Bungalows
499,Houma,US,84.0,clear sky,29.5958,-90.7195,Courtyard by Marriott Houma
503,Atambua,ID,77.76,few clouds,-9.1061,124.8925,Kost Alfa Flat
504,Bardiyah,LY,77.63,clear sky,31.7561,25.0865,ÿ®Ÿàÿ±ÿ™Ÿà ÿ®ÿ±ÿØŸäÿ©
506,Vaitape,PF,76.77,broken clouds,-16.5167,-151.75,Conrad Bora Bora Nui
507,Hirara,JP,85.86,scattered clouds,24.8,125.2833,Hotel Atoll Emerald Miyakojima
508,Nisia Floresta,BR,77.38,clear sky,-6.0911,-35.2086,Rancho Crepusculo
509,Sarakhs,IR,79.07,clear sky,36.5449,61.1577,ŸÖŸáŸÖÿßŸÜ ÿ≥ÿ±ÿß€å ÿ¥ÿ±⁄©ÿ™ ⁄Øÿßÿ≤
510,Hambantota,LK,77.5,overcast clouds,6.1241,81.1185,Bungalow 63
512,Monrovia,LR,75.61,overcast clouds,6.3005,-10.7969,Sunset Inn
513,Kathu,TH,82.22,overcast clouds,7.9178,98.3332,Novotel Phuket Resort
517,Manavalakurichi,IN,77.14,overcast clouds,8.1333,77.3,Jebinrio home
519,Marrakesh,MA,73.47,clear sky,31.6315,-8.0083,Les Jardins de La Koutoubia
520,Mana,GF,79.86,broken clouds,5.6592,-53.7767,LE SAMANA
521,Pasni,PK,80.73,overcast clouds,25.2631,63.471,Kashmiri Hotal
523,Slatina,RO,74.46,broken clouds,44.4333,24.3667,City Hotel Slatina
524,Bende,NG,72.23,overcast clouds,5.5572,7.6368,Bende Local Government Corppers Lodge
525,Bintulu,MY,79.21,few clouds,3.1667,113.0333,900 Boutique INN
528,Veraval,IN,80.55,overcast clouds,20.9,70.3667,Lords Inn Somnath
529,Campos Sales,BR,71.65,overcast clouds,-7.0744,-40.3761,Millenium Hotel
530,Troutdale,US,89.69,clear sky,45.5393,-122.3873,McMenamins Edgefield
537,Jining,CN,78.73,moderate rain,35.405,116.5814,Yunhe Star Hotel
538,Sibolga,ID,75.65,overcast clouds,1.7427,98.7792,Hotel Syariah CN Darussalam
540,Miri,MY,77.95,overcast clouds,4.4148,114.0089,"Mega Hotel, Miri"
541,Kamaishi,JP,82.71,overcast clouds,39.2667,141.8833,Hotel Route Inn Kamaishi
542,Chuncheng,CN,80.4,light rain,22.1731,111.7886,7Days Inn Yangjiang Yangchun Bus Terminal
543,Paka,MY,76.93,few clouds,4.6374,103.4368,RUMBIA RESORT VILLA Paka Terengganu
544,Brigantine,US,86.04,clear sky,39.4101,-74.3646,Legacy Vacation Resorts - Brigantine Beach
546,Karaton,ID,73.74,scattered clouds,-6.3424,106.1045,Parkir Mobil Wisata CAS Water Park
549,Key West,US,89.6,few clouds,24.5557,-81.7826,Fairfield Inn & Suites by Marriott Key West
551,Tabou,CI,73.8,overcast clouds,4.423,-7.3528,hot√™l doufoulougou
554,Novyy Svit,UA,72.27,clear sky,47.8059,38.0211,–≠–Ω–µ—Ä–≥–µ—Ç–∏–∫
555,Qui Nhon,VN,76.55,overcast clouds,13.7667,109.2333,Seagull Hotel
556,Bhadrachalam,IN,74.66,light rain,17.6667,80.8833,Hotel Srinidhi Residency
558,Mandera,KE,74.1,broken clouds,3.9366,41.867,Red Sea Resort & Suites Mandera County
559,Kudahuvadhoo,MV,81.37,overcast clouds,2.6708,72.8944,Niyama Private Islands Maldives
561,Lumberton,US,85.44,broken clouds,34.6182,-79.0086,"Country Inn & Suites by Radisson, Lumberton, NC"
564,Bubaque,GW,80.06,broken clouds,11.2833,-15.8333,"Casa Dora, Bubaque"
566,Chardara,KZ,73.63,clear sky,41.2547,67.9692,–ñ–∞–Ω–∞—Ä–≥—É–ª
567,Korla,CN,83.79,scattered clouds,41.7597,86.1469,Gulisitan Hotel
571,Proddatur,IN,79.36,light rain,14.7333,78.55,Sri Swasthik Residency
573,Ilebo,CD,73.63,clear sky,-4.3167,20.5833,H√¥tel BUMAK
574,Erenhot,CN,71.67,clear sky,43.6475,111.9767,Erenhot Rurouni Youth Hostel
575,Qesarya,IL,77.97,clear sky,32.5189,34.9046,Dan Caesarea Resort - Happiness Is Around
577,Puga,MX,82.47,broken clouds,21.5833,-104.8167,Del sol
584,Santa Isabel Do Rio Negro,BR,77.83,overcast clouds,-0.4139,-65.0192,Hotel GSA
585,Naze,JP,83.32,overcast clouds,28.3667,129.4833,Shishime Hotel
586,Miyako,JP,82.81,overcast clouds,39.6367,141.9525,Hotel Route Inn Miyako
587,Santa Cruz De La Palma,ES,77.14,broken clouds,28.6835,-17.7642,H10 Taburiente Playa
588,Lewiston,US,70.32,broken clouds,44.1003,-70.2148,Hilton Garden Inn Auburn Riverwatch
589,Srandakan,ID,76.59,broken clouds,-7.9386,110.2506,Puri Brata
590,Fayaoue,NC,73.18,clear sky,-20.65,166.5333,Chez Dydyce Guesthouse
594,San Felipe,VE,72.91,broken clouds,10.3399,-68.7425,Posada Llovizna Rodr√≠guez
595,Varadia,RO,70.92,light rain,45.0783,21.5469,Pensiunea Arcidava
596,Carbondale,US,80.89,clear sky,37.7273,-89.2168,Best Western Saluki Inn
598,Noumea,NC,71.58,overcast clouds,-22.2763,166.4572,H√¥tel Le Lagon
601,Bilma,NE,87.39,scattered clouds,18.6853,12.9164,Expeditions T√©n√©re voyages
603,Show Low,US,71.01,drizzle,34.2542,-110.0298,Hampton Inn & Suites Show Low-Pinetop
604,Jalu,LY,81.28,clear sky,29.0331,21.5482,ÿµÿßÿ≠ÿ®ÿ© ÿßŸÑŸÅÿÆÿßŸÖÿ©
605,Samarai,PG,80.92,broken clouds,-10.6167,150.6667,Nuli Sapi
606,Khash,IR,79.18,overcast clouds,28.2211,61.2158,ÿÆŸàÿßÿ®⁄ØÿßŸá ÿ¢ÿ®ÿ¨€å ŸÖÿ≠ÿØÿ´Ÿá
607,Broome,US,82.02,broken clouds,42.2506,-75.833,Chenango Valley State Park
608,Harper,LR,73.98,overcast clouds,4.375,-7.7169,Screensaver
612,Pouembout,NC,70.61,overcast clouds,-21.1333,164.9,Camping de Tipenga
615,Kedougou,SN,73.58,very heavy rain,12.5579,-12.1743,Relais de K√©dougou
619,Alta Floresta,BR,81.5,broken clouds,-9.8756,-56.0861,Floresta Amazonica Hotel
621,Acoua,YT,71.51,few clouds,-12.7239,45.0582,G√Æte de Mliha
622,Lazaro Cardenas,MX,82.35,overcast clouds,17.9583,-102.2,HOTEL QUINTA ANTIGUA
623,Odweyne,SO,75.45,overcast clouds,9.4092,45.064,Eng Hiirey House
625,Angoche,MZ,70.68,clear sky,-16.2325,39.9086,Guest House HESADA
627,Murgab,TM,75.07,clear sky,37.4966,61.9714,Wepa Nurly√Ωew
628,Basco,PH,84.42,overcast clouds,20.4487,121.9702,Nathaniel's Lodge
629,Alugan,PH,81.86,overcast clouds,12.2188,125.4808,JM Lodge
630,Urengoy,RU,70.74,scattered clouds,65.9667,78.3667,Gostinnitsa Medveditsa
631,Lamu,KE,73.62,scattered clouds,-2.2717,40.902,Lamu House
632,Wanning,CN,81.21,overcast clouds,18.8003,110.3967,Paradise Hotel
633,Gushikawa,JP,87.03,broken clouds,26.3544,127.8686,Kirari Guest House
635,Kilindoni,TZ,74.98,scattered clouds,-7.9139,39.6668,Bustani B&B
637,Itoman,JP,87.82,few clouds,26.1247,127.6694,Southern Beach Hotel & Resort Okinawa
639,Pointe Michel,DM,80.98,clear sky,15.25,-61.3833,Roseau Hostel & Beach Front Property
642,Coahuayana,MX,81.82,overcast clouds,18.7333,-103.6833,El rranchito michuacan de ocampos
643,Aloleng,PH,77.88,moderate rain,16.1307,119.7824,Steve Walden and Emma Sison-Walden Residence
644,Batticaloa,LK,79.25,overcast clouds,7.7102,81.6924,Grand Star Guest House
645,The Valley,AI,84.06,clear sky,18.217,-63.0578,CeBlue Villas & Beach Resort
646,Papara,BR,78.69,clear sky,-3.9839,-38.7273,CAMPOS MARANGUAPE
649,Samana,DO,80.31,overcast clouds,19.2056,-69.3369,The Bannister - Hotel & Yacht Club
651,Porto Torres,IT,73.58,few clouds,40.835,8.3972,Hotel Elisa
652,Dafeng,CN,81.45,few clouds,23.4517,108.5881,Shenglong Hotel
656,Ranong,TH,78.73,overcast clouds,9.9658,98.6348,Numsai Khaosuay Resort Ranong
657,Fort Saint James,CA,77.04,clear sky,54.4333,-124.25,The View Hotel
658,Shahrud,IR,71.91,clear sky,36.4182,54.9763,Royal Hotel
659,Muttupet,IN,81.16,overcast clouds,10.4,79.4833,Hotel Star Residency
661,Hot Springs,US,76.19,light rain,34.5037,-93.0552,Embassy Suites by Hilton Hot Springs Hotel & Spa
667,Jamui,IN,79.9,scattered clouds,24.9167,86.2167,hotel sneha
668,Lixourion,GR,80.29,clear sky,38.2019,20.4314,Hotel Summery
669,Srikakulam,IN,76.5,overcast clouds,18.3,83.9,Micro Systems
673,Prince George,CA,77.25,clear sky,53.9166,-122.753,Canadas Best Value Inn Prince George
675,Kanigoro,ID,74.64,broken clouds,-8.13,112.219,Musafer Villa ( Villa Erlin )
678,Chapada Dos Guimaraes,BR,73.06,overcast clouds,-15.4606,-55.7497,Pousada Morro Dos Ventos
679,Guanare,VE,75.85,clear sky,9.0418,-69.7421,Nuevo Hotel Coromoto
680,Katherine,AU,77.32,few clouds,-14.4667,132.2667,Pine Tree Motel
681,Biak,ID,78.44,broken clouds,-0.9131,122.8766,Penginapan Kim
682,Catio,GW,76.59,light rain,11.2833,-15.25,Pausada Morabedja
683,Weihai,CN,74.52,heavy intensity rain,37.5017,122.1136,Beihai Travel Resort
686,Salinas,US,89.56,clear sky,36.6777,-121.6555,Laurel Inn & Conference Center
687,Maumere,ID,80.02,overcast clouds,-8.6199,122.2111,Sylvia Hotel
688,Beidao,CN,79.45,broken clouds,34.5686,105.8933,Shell Tianshui Maiji District Erma Road Walking Street Hotel
689,Chhatak,BD,81.3,overcast clouds,25.0333,91.6667,Hotel Sadi Internationl
690,Yinchuan,CN,73.49,broken clouds,38.4681,106.2731,JJ Inns - Yinchuan New Moon Square Branch
